{"pickObjectPosition":{"x":-1.0971684455871583,"y":-0.10292410850524903,"z":1.5970854759216309},"pickObjectRotation":{"x":-0.4006591737270355,"y":-0.38524433970451357,"z":0.595264732837677,"w":0.5802749991416931},"targetObjectPosition":{"x":-2.2434749603271486,"y":-0.2167469561100006,"z":2.4174327850341799},"targetObjectScale":{"x":1.5572998523712159,"y":1.5572998523712159,"z":1.5572998523712159},"resetPosition":{"x":-1.0971684455871583,"y":-0.10292410850524903,"z":1.5970854759216309},"moveMode":false,"reset":false,"modelID":""}